Generation,Population_Avg,Fittest_Agent,Best_Performer
1,51.00000000000001,49.2,54.6
2,49.13333333333334,49.0,52.0
3,50.143750000000004,48.199999999999996,53.1
4,51.15294117647059,49.6,54.400000000000006
5,50.11052631578948,50.1,54.0
6,50.96666666666666,55.50000000000001,54.50000000000001
7,50.719047619047615,50.7,55.50000000000001
8,50.473913043478255,49.9,57.3
9,51.27619047619047,52.400000000000006,55.400000000000006
10,50.833333333333336,49.6,55.800000000000004
